feature,mean_value,std_value,min_value,max_value,skewness,kurtosis
feature_0,0.189796,0.07612954,0.12241466,0.2962057,0.6342927,-1.5000552
feature_1,0.1897306,0.07565236,0.12241466,0.2991889,0.6367112,-1.4981563
feature_10,0.29411256,0.17871791,0.12017279,0.9588724,1.3151374,1.5726161
feature_100,0.2468044,0.12482534,0.0,0.5044696,0.066683695,-1.3565016
feature_101,0.24597114,0.124750175,0.0,0.50317097,0.07567635,-1.3535252
feature_102,0.24580888,0.12515028,0.0,0.5032763,0.0791853,-1.3548006
feature_103,0.24553941,0.12467678,0.0,0.5032061,0.08048665,-1.3512307
feature_104,0.24584594,0.125684,0.0,0.5020479,0.08391808,-1.3576463
feature_105,0.24484906,0.12481863,0.0,0.50271475,0.07915171,-1.3546164
feature_106,0.24572887,0.12538671,0.0,0.5030306,0.07857239,-1.3624947
feature_107,0.24536006,0.12538506,0.0,0.5022905,0.07311222,-1.3629713
feature_108,0.24622591,0.1257081,0.0,0.5014347,0.06975658,-1.3682513
feature_109,0.24658304,0.12575334,0.0,0.55021393,0.06679841,-1.3668395
feature_11,0.30289927,0.18695278,0.11976269,0.9872137,1.2675351,1.3314991
feature_110,0.24692057,0.126101,0.0,0.55021393,0.06945751,-1.3677919
feature_111,0.246867,0.12614581,0.0,0.5438208,0.06929577,-1.3649087
feature_112,0.24725384,0.12675318,0.0,0.58248174,0.06937931,-1.3684372
feature_113,0.24768905,0.12727354,0.0,0.56123835,0.07531492,-1.3639444
feature_114,0.24761704,0.12684345,0.0,0.55514723,0.07566349,-1.3594394
feature_115,0.24795392,0.12754244,0.0,0.59194565,0.076910496,-1.3638346
feature_116,0.24846439,0.12826627,0.0,0.61193055,0.07764586,-1.3611668
feature_117,0.24873273,0.12862472,0.0,0.60765165,0.07682148,-1.3636657
feature_118,0.24914552,0.1289966,0.0,0.5883715,0.07441932,-1.3653961
feature_119,0.24991345,0.13013624,0.0,0.5937075,0.077574715,-1.3633308
feature_12,0.30944327,0.19272809,0.1097672,1.0,1.1887053,1.0548692
feature_120,0.25041944,0.13122249,0.0,0.61434686,0.080598615,-1.361247
feature_121,0.25069782,0.13237932,0.0,0.5920966,0.08399474,-1.3591226
feature_122,0.25127825,0.13320264,0.0,0.59713066,0.087603636,-1.3504905
feature_123,0.25238666,0.13421315,0.0,0.633627,0.09117357,-1.3329244
feature_124,0.25269508,0.13534549,0.0,0.65285677,0.09120454,-1.3321098
feature_125,0.25241396,0.13626307,0.0,0.62295496,0.095158376,-1.3249713
feature_126,0.2528972,0.13708672,0.0,0.6334851,0.10103192,-1.3182048
feature_127,0.25277475,0.13778715,0.0,0.66030705,0.113344066,-1.2993307
feature_128,0.25220323,0.1387338,0.0,0.70203876,0.12285343,-1.2916491
feature_129,0.251567,0.1392904,0.0,0.6683361,0.13454726,-1.2771121
feature_13,0.3134958,0.19543347,0.10780966,1.0,1.113919,0.81927514
feature_130,0.25131392,0.14000945,0.0,0.67939156,0.14368165,-1.2664945
feature_131,0.25060388,0.1408823,0.0,0.69125426,0.15057786,-1.2572429
feature_132,0.2499136,0.1416263,0.0,0.7023799,0.15895756,-1.2438664
feature_133,0.24978024,0.14260416,0.0,0.7142075,0.168489,-1.2335608
feature_134,0.2492002,0.14337,0.0,0.7257192,0.17848676,-1.218635
feature_135,0.24838021,0.14386012,0.0,0.73744154,0.18317549,-1.2052929
feature_136,0.24822785,0.1448438,0.0,0.74881285,0.19279636,-1.1901671
feature_137,0.24748494,0.14552635,0.0,0.7607808,0.20380211,-1.1681068
feature_138,0.24662066,0.1459697,0.0,0.7736613,0.21237078,-1.1490662
feature_139,0.24580511,0.14610383,0.0,0.78096145,0.2248581,-1.1161718
feature_14,0.31686267,0.19532454,0.10780966,1.0,1.0259607,0.593997
feature_140,0.24504575,0.14631511,0.0,0.77138007,0.23405138,-1.0895803
feature_141,0.24386272,0.14661218,0.0,0.7856293,0.24958658,-1.0568027
feature_142,0.24284187,0.14677173,0.0,0.79987854,0.26052758,-1.0258132
feature_143,0.24189551,0.14698938,0.0,0.81251335,0.2770998,-0.98790383
feature_144,0.24116156,0.14724153,0.0,0.82672757,0.28728923,-0.9556117
feature_145,0.24029626,0.14711042,0.0,0.839959,0.29819462,-0.9196768
feature_146,0.24000205,0.14728294,0.0,0.8526991,0.3009348,-0.90347004
feature_147,0.23908682,0.14661612,0.0,0.8595781,0.30556014,-0.8679528
feature_148,0.23872255,0.14671358,0.0,0.87189704,0.3099456,-0.8444443
feature_149,0.23878412,0.146822,0.0,0.8859708,0.31757253,-0.817636
feature_15,0.31815028,0.19345936,0.09851954,1.0,0.93659246,0.38948083
feature_150,0.23833092,0.14652945,0.0,0.8997287,0.32287547,-0.7976682
feature_151,0.23792697,0.14583018,0.0,0.90372974,0.330408,-0.7562041
feature_152,0.23777881,0.14559019,0.0,0.9029225,0.3303278,-0.7579291
feature_153,0.2374116,0.14500533,0.0,0.91825974,0.32964543,-0.74880576
feature_154,0.23665583,0.14441985,0.0,0.9298768,0.3330045,-0.73078394
feature_155,0.23672487,0.14373013,0.0,0.94496834,0.32929507,-0.7281194
feature_156,0.23705235,0.14300394,0.0,0.96005994,0.33023164,-0.6940937
feature_157,0.23678277,0.14246376,0.0,0.97399336,0.3213125,-0.721087
feature_158,0.23691317,0.14245608,0.0,0.9890849,0.32789266,-0.68922234
feature_159,0.23729126,0.14179836,0.0,1.0,0.32205552,-0.66771483
feature_16,0.31875274,0.1897389,0.0974075,1.0,0.84431356,0.20496869
feature_160,0.23787612,0.14140521,0.0,0.95777863,0.31040844,-0.7111242
feature_161,0.23826006,0.14117467,0.0,0.9766423,0.29937243,-0.72397375
feature_162,0.23912062,0.14100385,0.0,0.98605585,0.29553545,-0.703444
feature_163,0.2396749,0.14076068,0.0,0.9811729,0.29030934,-0.70669603
feature_164,0.24050483,0.14046799,0.0,0.980767,0.29314172,-0.6812055
feature_165,0.24089639,0.14026377,0.0,0.9934558,0.2935194,-0.66176486
feature_166,0.24130811,0.13997047,0.0,0.9978354,0.28039202,-0.7109437
feature_167,0.24181497,0.139894,0.0,0.99305314,0.27850774,-0.7146869
feature_168,0.24219503,0.13961427,0.0,0.9818777,0.28038615,-0.7090304
feature_169,0.24258125,0.139917,0.0,0.9680342,0.28846425,-0.6914964
feature_17,0.31713593,0.18597876,0.09073748,0.9962245,0.7465322,0.020345688
feature_170,0.24338692,0.13989592,0.0,1.0,0.29610988,-0.64668083
feature_171,0.2440739,0.14008301,0.0,1.0,0.3170819,-0.5473244
feature_172,0.24443156,0.14045785,0.0,1.0,0.33494216,-0.4580326
feature_173,0.24527556,0.14083773,0.0,1.0,0.34575018,-0.3880744
feature_174,0.24611743,0.14096487,0.0,1.0,0.36410394,-0.30466175
feature_175,0.24633494,0.14127553,0.0,1.0,0.38494062,-0.22109127
feature_176,0.24672644,0.14178312,0.0,1.0,0.40342554,-0.14157104
feature_177,0.24696934,0.14183491,0.0,1.0,0.42325932,-0.04119563
feature_178,0.24752645,0.14217724,0.0,1.0,0.440212,0.03638959
feature_179,0.24805658,0.14285244,0.0,1.0,0.4521406,0.09270859
feature_18,0.31504348,0.181818,0.0838661,0.98172665,0.6474665,-0.15468478
feature_180,0.24764661,0.14242059,0.0,1.0,0.4715403,0.19704628
feature_181,0.24701776,0.14246999,0.0,1.0,0.50202775,0.30848837
feature_182,0.24708603,0.14304861,0.0,1.0,0.52220446,0.40520096
feature_183,0.24720122,0.14328635,0.0,1.0,0.53524953,0.4885733
feature_184,0.24696845,0.14317884,0.0,1.0,0.5528622,0.57350683
feature_185,0.2469673,0.14333029,0.0,1.0,0.572199,0.66084194
feature_186,0.24708465,0.14361359,0.0,1.0,0.585393,0.736063
feature_187,0.24668285,0.14356197,0.0,1.0,0.605901,0.86440897
feature_188,0.247028,0.14395626,0.0,1.0,0.61828333,0.92937446
feature_189,0.24675277,0.14364417,0.0,1.0,0.63710123,1.044558
feature_19,0.31220755,0.17741422,0.076440975,0.9620941,0.55110633,-0.31859112
feature_190,0.24630564,0.14387809,0.0,1.0,0.6495066,1.0955582
feature_191,0.24636483,0.14408879,0.0,1.0,0.6518398,1.101326
feature_192,0.24645261,0.14408444,0.0,1.0,0.6651203,1.1485276
feature_193,0.24628168,0.14395474,0.0,1.0,0.6869273,1.2494011
feature_194,0.24621457,0.14410149,0.0,1.0,0.7069792,1.3618999
feature_195,0.24622007,0.14445028,0.0,1.0,0.7291206,1.4837751
feature_196,0.24633346,0.14476934,0.0,1.0,0.7444687,1.590991
feature_197,0.24656689,0.14506835,0.0,1.0,0.7541359,1.6615324
feature_198,0.24705887,0.14553115,0.0,1.0,0.7613731,1.6935759
feature_199,0.2472926,0.14587428,0.0,1.0,0.77665496,1.7624416
feature_2,0.1955904,0.07289343,0.12241466,0.3024178,0.49847022,-1.507716
feature_20,0.30932295,0.17396013,0.06957463,0.958218,0.45434457,-0.48425674
feature_21,0.3065786,0.17016841,0.054920714,0.9517745,0.3837326,-0.61041665
feature_22,0.30435738,0.16742668,0.04194815,0.94512963,0.3126198,-0.7374835
feature_23,0.3031786,0.16577384,0.03353637,0.92292976,0.24809915,-0.85939217
feature_24,0.30102575,0.16424085,0.026307575,0.89937073,0.19999208,-0.9565611
feature_25,0.2983179,0.162374,0.019718098,0.8849232,0.16230948,-1.0386953
feature_26,0.29685587,0.16077255,0.0149156805,0.8772716,0.123198606,-1.1246442
feature_27,0.29506606,0.15991925,0.012036244,0.8621193,0.091677204,-1.1992877
feature_28,0.29228228,0.15811047,0.009383338,0.83861065,0.080719166,-1.2442403
feature_29,0.28999636,0.15734537,0.00833627,0.81686383,0.06218751,-1.2963257
feature_3,0.20411187,0.07201957,0.12241466,0.30533084,0.1690586,-1.6352277
feature_30,0.28778598,0.15604231,0.006871382,0.7979864,0.05505386,-1.335766
feature_31,0.2855974,0.15605511,0.0076919203,0.77830356,0.045090113,-1.374975
feature_32,0.28352934,0.155193,0.007102945,0.7572615,0.047686834,-1.3982207
feature_33,0.28107613,0.15445392,0.0054316637,0.7361188,0.05164865,-1.4166017
feature_34,0.279166,0.15433504,0.0036899068,0.71568084,0.055839654,-1.4326608
feature_35,0.2774721,0.15417287,0.003418072,0.6945885,0.064197965,-1.441634
feature_36,0.27566925,0.15434514,0.003936572,0.67445254,0.0715697,-1.44837
feature_37,0.27366048,0.15397206,0.0016612132,0.6536119,0.08242896,-1.4483076
feature_38,0.27194265,0.1540793,0.0,0.63503647,0.09105598,-1.4498743
feature_39,0.2701793,0.154333,0.0,0.6161087,0.10072327,-1.4475008
feature_4,0.21556982,0.07803247,0.12241466,0.35414046,-0.047028188,-1.6983488
feature_40,0.26784074,0.1542321,0.0,0.6018629,0.11085206,-1.4406399
feature_41,0.2664287,0.15469758,0.0,0.60284567,0.11973482,-1.4348974
feature_42,0.26427814,0.15435699,0.0,0.6023192,0.12921213,-1.4223657
feature_43,0.2622133,0.15454517,0.0,0.6006346,0.13369024,-1.4166467
feature_44,0.26136637,0.15511115,0.0,0.6014067,0.14004949,-1.4077684
feature_45,0.25932539,0.15493017,0.0,0.60077494,0.14828964,-1.390355
feature_46,0.25693637,0.15471007,0.0,0.59807247,0.15459052,-1.3769015
feature_47,0.25524792,0.15506889,0.0,0.59610707,0.1611714,-1.3664025
feature_48,0.25374815,0.15512827,0.0,0.59435225,0.17017439,-1.3504177
feature_49,0.25190267,0.15487128,0.0,0.59115845,0.17621185,-1.3396634
feature_5,0.2294531,0.09104021,0.12279742,0.48356405,0.24335359,-0.92313695
feature_50,0.250727,0.15461569,0.0,0.590281,0.18204695,-1.3301345
feature_51,0.24945368,0.1539239,0.0,0.58993006,0.18807335,-1.3170067
feature_52,0.2480171,0.15383533,0.0,0.5872627,0.19117607,-1.3167342
feature_53,0.24605328,0.15346079,0.0,0.5851569,0.19781224,-1.308942
feature_54,0.24464491,0.15275377,0.0,0.58340204,0.20464547,-1.2977604
feature_55,0.24308781,0.15265907,0.0,0.5803837,0.21210685,-1.2924708
feature_56,0.24148592,0.15237157,0.0,0.5774005,0.219371,-1.2863566
feature_57,0.24003975,0.15144864,0.0,0.5763827,0.22586705,-1.2747891
feature_58,0.23904829,0.15169795,0.0,0.5730134,0.23481195,-1.2720432
feature_59,0.23712951,0.15066318,0.0,0.5723817,0.24156524,-1.2615505
feature_6,0.2437962,0.1105052,0.12296146,0.6252706,0.73550534,0.38880992
feature_60,0.23531708,0.1494462,0.0,0.5723817,0.24712361,-1.2523128
feature_61,0.23469101,0.1490086,0.0,0.5691528,0.25082058,-1.2554151
feature_62,0.2345158,0.14826518,0.0,0.58760405,0.25441694,-1.2536211
feature_63,0.233952,0.14742655,0.0,0.66180474,0.25850344,-1.2527487
feature_64,0.23313905,0.14594392,0.0,0.6637185,0.25994167,-1.2526871
feature_65,0.2332902,0.14542215,0.0,0.64786136,0.2621358,-1.2609003
feature_66,0.2327452,0.14429891,0.0,0.6347108,0.26316437,-1.2648212
feature_67,0.23278303,0.1431621,0.0,0.6185802,0.26038167,-1.273991
feature_68,0.2336086,0.1429182,0.0,0.64110833,0.2586282,-1.2856933
feature_69,0.23317455,0.14160976,0.0,0.6374175,0.25749347,-1.2867322
feature_7,0.25813586,0.13205838,0.12296146,0.74981123,1.1045719,1.3767605
feature_70,0.23253733,0.13975994,0.0,0.61986524,0.25442818,-1.2870691
feature_71,0.23303948,0.13918255,0.0,0.6088472,0.25407985,-1.2929276
feature_72,0.23369421,0.13869539,0.0,0.592826,0.25230488,-1.2961559
feature_73,0.23369035,0.13756172,0.0,0.5867565,0.24935846,-1.2956194
feature_74,0.23349887,0.13684495,0.0,0.5760666,0.2465697,-1.3010466
feature_75,0.23368031,0.13565779,0.0,0.56138504,0.23822407,-1.3057902
feature_76,0.23392089,0.13462181,0.0,0.5524175,0.22693177,-1.3164871
feature_77,0.2351969,0.1343619,0.0,0.54243845,0.21250342,-1.3344089
feature_78,0.2362622,0.1331742,0.0,0.5308463,0.20369923,-1.3337466
feature_79,0.23719592,0.13270892,0.0,0.5273175,0.19579339,-1.3415267
feature_8,0.27199426,0.1515101,0.12296146,0.84384596,1.277591,1.7422152
feature_80,0.23710336,0.13176273,0.0,0.52468526,0.18604036,-1.3468732
feature_81,0.2380814,0.13121273,0.0,0.52275497,0.17350315,-1.3564781
feature_82,0.23903576,0.13038109,0.0,0.5198068,0.15693027,-1.3641616
feature_83,0.24019744,0.12994255,0.0,0.51720965,0.14560941,-1.3708396
feature_84,0.24117427,0.12919693,0.0,0.5171044,0.13708678,-1.3695067
feature_85,0.24225333,0.12910339,0.0,0.5156654,0.12780671,-1.3744274
feature_86,0.24240926,0.12806514,0.0,0.51520914,0.123560995,-1.3696166
feature_87,0.2427512,0.1276982,0.0,0.5121908,0.11904493,-1.3711327
feature_88,0.24231897,0.12722106,0.0,0.5113836,0.11682016,-1.366999
feature_89,0.24262595,0.1265002,0.0,0.5094884,0.11179647,-1.3635741
feature_9,0.2843029,0.16739851,0.122824766,0.91306317,1.3224993,1.7211428
feature_90,0.24457711,0.12727903,0.0,0.5094182,0.10236381,-1.3711848
feature_91,0.2446635,0.12618276,0.0,0.50885665,0.09340392,-1.3621529
feature_92,0.24500588,0.12583116,0.0,0.5092778,0.08311166,-1.3649036
feature_93,0.24598461,0.1260865,0.0,0.50713694,0.0752833,-1.3680426
feature_94,0.24609482,0.12555958,0.0,0.5067158,0.07216818,-1.3623555
feature_95,0.24670246,0.12519684,0.0,0.5051013,0.07025236,-1.360543
feature_96,0.24694441,0.12517986,0.0,0.50436425,0.068734415,-1.359938
feature_97,0.2469266,0.12481755,0.0,0.5074879,0.06558601,-1.3580736
feature_98,0.24703369,0.12526883,0.0,0.5041186,0.06306927,-1.3646525
feature_99,0.24711858,0.12550609,0.0,0.50334644,0.06492835,-1.3639755
